{"cameraMode":{"drawMode":0,"name":"Shaded","section":"Shading Mode"},"sceneLighting":true,"audioPlay":false,"sceneViewState":{"showFog":true,"showMaterialUpdate":false,"showSkybox":true,"showFlares":true,"showImageEffects":true,"showParticleSystems":true},"in2DMode":false,"pivot":{"x":0.8535909652709961,"y":0.862476646900177,"z":10.50351619720459},"rotation":{"x":-0.11312665045261383,"y":-0.5636802315711975,"z":0.07827132940292359,"w":-0.8144727349281311},"size":3.5288612842559816,"orthographic":false}