{"cameraMode":{"drawMode":0,"name":"Shaded","section":"Shading Mode"},"sceneLighting":false,"audioPlay":false,"sceneViewState":{"showFog":true,"showMaterialUpdate":false,"showSkybox":false,"showFlares":true,"showImageEffects":true,"showParticleSystems":true},"in2DMode":false,"pivot":{"x":190.89999389648438,"y":316.3500061035156,"z":0.0},"rotation":{"x":0.11104317009449005,"y":-0.8386339545249939,"z":0.18638910353183747,"w":0.4996250569820404},"size":140.00714111328126,"orthographic":true}