{"cameraMode":{"drawMode":0,"name":"Shaded","section":"Shading Mode"},"sceneLighting":true,"audioPlay":false,"sceneViewState":{"showFog":true,"showMaterialUpdate":false,"showSkybox":true,"showFlares":true,"showImageEffects":true,"showParticleSystems":true},"in2DMode":false,"pivot":{"x":0.8535909652709961,"y":0.862476646900177,"z":10.50351619720459},"rotation":{"x":0.11104317009449005,"y":-0.8386339545249939,"z":0.18638910353183747,"w":0.4996250569820404},"size":7.136663436889648,"orthographic":true}