{"cameraMode":{"drawMode":0,"name":"Shaded","section":"Shading Mode"},"sceneLighting":true,"audioPlay":false,"sceneViewState":{"showFog":true,"showMaterialUpdate":false,"showSkybox":true,"showFlares":true,"showImageEffects":true,"showParticleSystems":true},"in2DMode":false,"pivot":{"x":24.318466186523439,"y":-9.662703514099121,"z":13.345760345458985},"rotation":{"x":0.03286675363779068,"y":-0.8747633695602417,"z":0.05992663651704788,"w":0.47973060607910159},"size":3.507946491241455,"orthographic":false}